{"notes":[{"noteId":"cRxUni77KGfM","x":-33,"y":76},{"noteId":"m3glAObQNLcZ","x":535,"y":73},{"noteId":"xuk93Z2xSDb4","x":209,"y":-243}],"transform":{"x":75.34552465513985,"y":269.6569902025191,"scale":0.7176997985457654}}