{"notes":[{"noteId":"ixa25h0ttEMr","x":-33,"y":76},{"noteId":"55s8erUn6Urb","x":535,"y":73},{"noteId":"6HTBQtGD23y8","x":209,"y":-243}],"transform":{"x":278.640230969635,"y":377.7257937414862,"scale":0.84375}}